<?xml version="1.0" encoding="UTF-8"?>
<project-private xmlns="http://www.netbeans.org/ns/project-private/1">
    <editor-bookmarks xmlns="http://www.netbeans.org/ns/editor-bookmarks/2" lastBookmarkId="0"/>
    <open-files xmlns="http://www.netbeans.org/ns/projectui-open-files/2">
        <group>
            <file>file:/F:/ICS3U/Cinema3/CinemaGroupProject/src/cinemagroupproject/Cinema3.java</file>
            <file>file:/F:/ICS3U/Cinema3/CinemaGroupProject/provinceTax</file>
            <file>file:/F:/ICS3U/Cinema3/CinemaGroupProject/invoice</file>
            <file>file:/F:/ICS3U/Cinema3/CinemaGroupProject/src/cinemagroupproject/pay.java</file>
            <file>file:/F:/ICS3U/Cinema3/CinemaGroupProject/invoiceNumber</file>
        </group>
    </open-files>
</project-private>
